ID,FirstName,LastName,Email,Address,Phone,CreatedAt
1,Alex,Adams,user1@example.com,101 Main St City1 ST 10001,+1-555-01001,2024-01-02
2,Blake,Baker,user2@example.com,102 Main St City2 ST 10002,+1-555-01002,2024-01-03
3,Casey,Carter,user3@example.com,103 Main St City3 ST 10003,+1-555-01003,2024-01-04
4,Dana,Diaz,user4@example.com,104 Main St City4 ST 10004,+1-555-01004,2024-01-05
5,Evan,Edwards,user5@example.com,105 Main St City5 ST 10005,+1-555-01005,2024-01-06
6,Finley,Fisher,user6@example.com,106 Main St City6 ST 10006,+1-555-01006,2024-01-07
7,Gray,Garcia,user7@example.com,107 Main St City7 ST 10007,+1-555-01007,2024-01-08
8,Harper,Harris,user8@example.com,108 Main St City8 ST 10008,+1-555-01008,2024-01-09
9,Jamie,Irving,user9@example.com,109 Main St City9 ST 10009,+1-555-01009,2024-01-10
10,Kai,Johnson,user10@example.com,110 Main St City10 ST 10010,+1-555-01010,2024-01-11
11,Lee,Kim,user11@example.com,111 Main St City11 ST 10011,+1-555-01011,2024-01-12
12,Morgan,Lee,user12@example.com,112 Main St City12 ST 10012,+1-555-01012,2024-01-13
13,Noah,Martinez,user13@example.com,113 Main St City13 ST 10013,+1-555-01013,2024-01-14
14,Oakley,Nguyen,user14@example.com,114 Main St City14 ST 10014,+1-555-01014,2024-01-15
15,Parker,Oneil,user15@example.com,115 Main St City15 ST 10015,+1-555-01015,2024-01-16
16,Quinn,Patel,user16@example.com,116 Main St City16 ST 10016,+1-555-01016,2024-01-17
17,Riley,Rodriguez,user17@example.com,117 Main St City17 ST 10017,+1-555-01017,2024-01-18
18,Skyler,Smith,user18@example.com,118 Main St City18 ST 10018,+1-555-01018,2024-01-19
19,Taylor,Thompson,user19@example.com,119 Main St City19 ST 10019,+1-555-01019,2024-01-20
20,Zion,Walker,user20@example.com,120 Main St City20 ST 10020,+1-555-01020,2024-01-21
21,Alex,Baker,user21@example.com,121 Main St City1 ST 10021,+1-555-01021,2024-01-22
22,Blake,Carter,user22@example.com,122 Main St City2 ST 10022,+1-555-01022,2024-01-23
23,Casey,Diaz,user23@example.com,123 Main St City3 ST 10023,+1-555-01023,2024-01-24
24,Dana,Edwards,user24@example.com,124 Main St City4 ST 10024,+1-555-01024,2024-01-25
25,Evan,Fisher,user25@example.com,125 Main St City5 ST 10025,+1-555-01025,2024-01-26
26,Finley,Garcia,user26@example.com,126 Main St City6 ST 10026,+1-555-01026,2024-01-27
27,Gray,Harris,user27@example.com,127 Main St City7 ST 10027,+1-555-01027,2024-01-28
28,Harper,Irving,user28@example.com,128 Main St City8 ST 10028,+1-555-01028,2024-01-29
29,Jamie,Johnson,user29@example.com,129 Main St City9 ST 10029,+1-555-01029,2024-01-30
30,Kai,Kim,user30@example.com,130 Main St City10 ST 10030,+1-555-01030,2024-01-01
31,Lee,Lee,user31@example.com,131 Main St City11 ST 10031,+1-555-01031,2024-01-02
32,Morgan,Martinez,user32@example.com,132 Main St City12 ST 10032,+1-555-01032,2024-01-03
33,Noah,Nguyen,user33@example.com,133 Main St City13 ST 10033,+1-555-01033,2024-01-04
34,Oakley,Oneil,user34@example.com,134 Main St City14 ST 10034,+1-555-01034,2024-01-05
35,Parker,Patel,user35@example.com,135 Main St City15 ST 10035,+1-555-01035,2024-01-06
36,Quinn,Rodriguez,user36@example.com,136 Main St City16 ST 10036,+1-555-01036,2024-01-07
37,Riley,Smith,user37@example.com,137 Main St City17 ST 10037,+1-555-01037,2024-01-08
38,Skyler,Thompson,user38@example.com,138 Main St City18 ST 10038,+1-555-01038,2024-01-09
39,Taylor,Walker,user39@example.com,139 Main St City19 ST 10039,+1-555-01039,2024-01-10
40,Zion,Adams,user40@example.com,140 Main St City20 ST 10040,+1-555-01040,2024-01-11
41,Alex,Baker,user41@example.com,141 Main St City1 ST 10041,+1-555-01041,2024-01-12
42,Blake,Carter,user42@example.com,142 Main St City2 ST 10042,+1-555-01042,2024-01-13
43,Casey,Diaz,user43@example.com,143 Main St City3 ST 10043,+1-555-01043,2024-01-14
44,Dana,Edwards,user44@example.com,144 Main St City4 ST 10044,+1-555-01044,2024-01-15
45,Evan,Fisher,user45@example.com,145 Main St City5 ST 10045,+1-555-01045,2024-01-16
46,Finley,Garcia,user46@example.com,146 Main St City6 ST 10046,+1-555-01046,2024-01-17
47,Gray,Harris,user47@example.com,147 Main St City7 ST 10047,+1-555-01047,2024-01-18
48,Harper,Irving,user48@example.com,148 Main St City8 ST 10048,+1-555-01048,2024-01-19
49,Jamie,Johnson,user49@example.com,149 Main St City9 ST 10049,+1-555-01049,2024-01-20
50,Kai,Kim,user50@example.com,150 Main St City10 ST 10050,+1-555-01050,2024-01-21
51,Lee,Lee,user51@example.com,151 Main St City11 ST 10051,+1-555-01051,2024-01-22
52,Morgan,Martinez,user52@example.com,152 Main St City12 ST 10052,+1-555-01052,2024-01-23
53,Noah,Nguyen,user53@example.com,153 Main St City13 ST 10053,+1-555-01053,2024-01-24
54,Oakley,Oneil,user54@example.com,154 Main St City14 ST 10054,+1-555-01054,2024-01-25
55,Parker,Patel,user55@example.com,155 Main St City15 ST 10055,+1-555-01055,2024-01-26
56,Quinn,Rodriguez,user56@example.com,156 Main St City16 ST 10056,+1-555-01056,2024-01-27
57,Riley,Smith,user57@example.com,157 Main St City17 ST 10057,+1-555-01057,2024-01-28
58,Skyler,Thompson,user58@example.com,158 Main St City18 ST 10058,+1-555-01058,2024-01-29
59,Taylor,Walker,user59@example.com,159 Main St City19 ST 10059,+1-555-01059,2024-01-30
60,Zion,Adams,user60@example.com,160 Main St City20 ST 10060,+1-555-01060,2024-01-01
61,Alex,Baker,user61@example.com,161 Main St City1 ST 10061,+1-555-01061,2024-01-02
62,Blake,Carter,user62@example.com,162 Main St City2 ST 10062,+1-555-01062,2024-01-03
63,Casey,Diaz,user63@example.com,163 Main St City3 ST 10063,+1-555-01063,2024-01-04
64,Dana,Edwards,user64@example.com,164 Main St City4 ST 10064,+1-555-01064,2024-01-05
65,Evan,Fisher,user65@example.com,165 Main St City5 ST 10065,+1-555-01065,2024-01-06
66,Finley,Garcia,user66@example.com,166 Main St City6 ST 10066,+1-555-01066,2024-01-07
67,Gray,Harris,user67@example.com,167 Main St City7 ST 10067,+1-555-01067,2024-01-08
68,Harper,Irving,user68@example.com,168 Main St City8 ST 10068,+1-555-01068,2024-01-09
69,Jamie,Johnson,user69@example.com,169 Main St City9 ST 10069,+1-555-01069,2024-01-10
70,Kai,Kim,user70@example.com,170 Main St City10 ST 10070,+1-555-01070,2024-01-11
71,Lee,Lee,user71@example.com,171 Main St City11 ST 10071,+1-555-01071,2024-01-12
72,Morgan,Martinez,user72@example.com,172 Main St City12 ST 10072,+1-555-01072,2024-01-13
73,Noah,Nguyen,user73@example.com,173 Main St City13 ST 10073,+1-555-01073,2024-01-14
74,Oakley,Oneil,user74@example.com,174 Main St City14 ST 10074,+1-555-01074,2024-01-15
75,Parker,Patel,user75@example.com,175 Main St City15 ST 10075,+1-555-01075,2024-01-16
76,Quinn,Rodriguez,user76@example.com,176 Main St City16 ST 10076,+1-555-01076,2024-01-17
77,Riley,Smith,user77@example.com,177 Main St City17 ST 10077,+1-555-01077,2024-01-18
78,Skyler,Thompson,user78@example.com,178 Main St City18 ST 10078,+1-555-01078,2024-01-19
79,Taylor,Walker,user79@example.com,179 Main St City19 ST 10079,+1-555-01079,2024-01-20
80,Zion,Adams,user80@example.com,180 Main St City20 ST 10080,+1-555-01080,2024-01-21
81,Alex,Baker,user81@example.com,181 Main St City1 ST 10081,+1-555-01081,2024-01-22
82,Blake,Carter,user82@example.com,182 Main St City2 ST 10082,+1-555-01082,2024-01-23
83,Casey,Diaz,user83@example.com,183 Main St City3 ST 10083,+1-555-01083,2024-01-24
84,Dana,Edwards,user84@example.com,184 Main St City4 ST 10084,+1-555-01084,2024-01-25
85,Evan,Fisher,user85@example.com,185 Main St City5 ST 10085,+1-555-01085,2024-01-26
86,Finley,Garcia,user86@example.com,186 Main St City6 ST 10086,+1-555-01086,2024-01-27
87,Gray,Harris,user87@example.com,187 Main St City7 ST 10087,+1-555-01087,2024-01-28
88,Harper,Irving,user88@example.com,188 Main St City8 ST 10088,+1-555-01088,2024-01-29
89,Jamie,Johnson,user89@example.com,189 Main St City9 ST 10089,+1-555-01089,2024-01-30
90,Kai,Kim,user90@example.com,190 Main St City10 ST 10090,+1-555-01090,2024-01-01
91,Lee,Lee,user91@example.com,191 Main St City11 ST 10091,+1-555-01091,2024-01-02
92,Morgan,Martinez,user92@example.com,192 Main St City12 ST 10092,+1-555-01092,2024-01-03
93,Noah,Nguyen,user93@example.com,193 Main St City13 ST 10093,+1-555-01093,2024-01-04
94,Oakley,Oneil,user94@example.com,194 Main St City14 ST 10094,+1-555-01094,2024-01-05
95,Parker,Patel,user95@example.com,195 Main St City15 ST 10095,+1-555-01095,2024-01-06
96,Quinn,Rodriguez,user96@example.com,196 Main St City16 ST 10096,+1-555-01096,2024-01-07
97,Riley,Smith,user97@example.com,197 Main St City17 ST 10097,+1-555-01097,2024-01-08
98,Skyler,Thompson,user98@example.com,198 Main St City18 ST 10098,+1-555-01098,2024-01-09
99,Taylor,Walker,user99@example.com,199 Main St City19 ST 10099,+1-555-01099,2024-01-10
100,Zion,Adams,user100@example.com,200 Main St City20 ST 10100,+1-555-01100,2024-01-11
